rank,title,type,date,views,likes,comments,duration,score,engagement_rate,norm_views,norm_likes,norm_comments,norm_engagement,transcript_status,transcript_source,transcript_language,transcript_chars,transcript_error,tags,category,url
1,"7 AI Terms You Need to Know: Agents, RAG, ASI & More",video,2025-09-30,1083048,0,0,664,0.277788,0.0,0.9877,0.0,0.0,0.0,unavailable,none,en,0,"youtube_transcript_api: Could not retrieve a transcript for the video https://www.youtube.com/watch?v=VSFuqMh4hus! This is most likely caused by:

YouTube is blocking requests from your IP. This usually is due to one of the following reasons:
- You have done too many requests and your IP has been blocked by YouTube
- You are doing requests from an IP belonging to a cloud provider (like AWS, Google Cloud Platform, Azure, etc.). Unfortunately, most IPs from cloud providers are blocked by YouTube.

Ways to work around this are explained in the ""Working around IP bans"" section of the README (https://github.com/jdepoix/youtube-transcript-api?tab=readme-ov-file#working-around-ip-bans-requestblocked-or-ipblocked-exception).


If you are sure that the described cause is not responsible for this error and that a transcript should be retrievable, please create an issue at https://github.com/jdepoix/youtube-transcript-api/issues. Please add which version of youtube_transcript_api you are using and provide the information needed to replicate the error. Also make sure that there are no open issues which already describe your problem!; yt_dlp: [0;31mERROR:[0m [youtube] VSFuqMh4hus: Sign in to confirm you’re not a bot. Use --cookies-from-browser or --cookies for the authentication. See  https://github.com/yt-dlp/yt-dlp/wiki/FAQ#how-do-i-pass-cookies-to-yt-dlp  for how to manually pass cookies. Also see  https://github.com/yt-dlp/yt-dlp/wiki/Extractors#exporting-youtube-cookies  for tips on effectively exporting YouTube cookies; openai_asr: missing_OPENAI_API_KEY",IBM|IBM Cloud,,https://www.youtube.com/watch?v=VSFuqMh4hus
2,Is RAG Still Needed? Choosing the Best Approach for LLMs,video,2026-03-29,691725,0,0,669,0.277199,0.0,0.6019,0.0,0.0,0.0,unavailable,none,en,0,"youtube_transcript_api: Could not retrieve a transcript for the video https://www.youtube.com/watch?v=UabBYexBD4k! This is most likely caused by:

YouTube is blocking requests from your IP. This usually is due to one of the following reasons:
- You have done too many requests and your IP has been blocked by YouTube
- You are doing requests from an IP belonging to a cloud provider (like AWS, Google Cloud Platform, Azure, etc.). Unfortunately, most IPs from cloud providers are blocked by YouTube.

Ways to work around this are explained in the ""Working around IP bans"" section of the README (https://github.com/jdepoix/youtube-transcript-api?tab=readme-ov-file#working-around-ip-bans-requestblocked-or-ipblocked-exception).


If you are sure that the described cause is not responsible for this error and that a transcript should be retrievable, please create an issue at https://github.com/jdepoix/youtube-transcript-api/issues. Please add which version of youtube_transcript_api you are using and provide the information needed to replicate the error. Also make sure that there are no open issues which already describe your problem!; yt_dlp: [0;31mERROR:[0m [youtube] UabBYexBD4k: Sign in to confirm you’re not a bot. Use --cookies-from-browser or --cookies for the authentication. See  https://github.com/yt-dlp/yt-dlp/wiki/FAQ#how-do-i-pass-cookies-to-yt-dlp  for how to manually pass cookies. Also see  https://github.com/yt-dlp/yt-dlp/wiki/Extractors#exporting-youtube-cookies  for tips on effectively exporting YouTube cookies; openai_asr: missing_OPENAI_API_KEY",IBM|IBM Cloud,,https://www.youtube.com/watch?v=UabBYexBD4k
3,Zero-Click Attacks: AI Agents and the Next Cybersecurity Challenge,video,2025-10-30,901222,0,0,905,0.24685,0.0,0.8084,0.0,0.0,0.0,unavailable,none,en,0,"youtube_transcript_api: Could not retrieve a transcript for the video https://www.youtube.com/watch?v=CMHL1bPtQdI! This is most likely caused by:

YouTube is blocking requests from your IP. This usually is due to one of the following reasons:
- You have done too many requests and your IP has been blocked by YouTube
- You are doing requests from an IP belonging to a cloud provider (like AWS, Google Cloud Platform, Azure, etc.). Unfortunately, most IPs from cloud providers are blocked by YouTube.

Ways to work around this are explained in the ""Working around IP bans"" section of the README (https://github.com/jdepoix/youtube-transcript-api?tab=readme-ov-file#working-around-ip-bans-requestblocked-or-ipblocked-exception).


If you are sure that the described cause is not responsible for this error and that a transcript should be retrievable, please create an issue at https://github.com/jdepoix/youtube-transcript-api/issues. Please add which version of youtube_transcript_api you are using and provide the information needed to replicate the error. Also make sure that there are no open issues which already describe your problem!; yt_dlp: [0;31mERROR:[0m [youtube] CMHL1bPtQdI: Sign in to confirm you’re not a bot. Use --cookies-from-browser or --cookies for the authentication. See  https://github.com/yt-dlp/yt-dlp/wiki/FAQ#how-do-i-pass-cookies-to-yt-dlp  for how to manually pass cookies. Also see  https://github.com/yt-dlp/yt-dlp/wiki/Extractors#exporting-youtube-cookies  for tips on effectively exporting YouTube cookies; openai_asr: missing_OPENAI_API_KEY",IBM|IBM Cloud,,https://www.youtube.com/watch?v=CMHL1bPtQdI
4,MCP vs API: Simplifying AI Agent Integration with External Data,video,2025-06-02,1042316,0,0,790,0.191825,0.0,0.9475,0.0,0.0,0.0,unavailable,none,en,0,"youtube_transcript_api: Could not retrieve a transcript for the video https://www.youtube.com/watch?v=7j1t3UZA1TY! This is most likely caused by:

YouTube is blocking requests from your IP. This usually is due to one of the following reasons:
- You have done too many requests and your IP has been blocked by YouTube
- You are doing requests from an IP belonging to a cloud provider (like AWS, Google Cloud Platform, Azure, etc.). Unfortunately, most IPs from cloud providers are blocked by YouTube.

Ways to work around this are explained in the ""Working around IP bans"" section of the README (https://github.com/jdepoix/youtube-transcript-api?tab=readme-ov-file#working-around-ip-bans-requestblocked-or-ipblocked-exception).


If you are sure that the described cause is not responsible for this error and that a transcript should be retrievable, please create an issue at https://github.com/jdepoix/youtube-transcript-api/issues. Please add which version of youtube_transcript_api you are using and provide the information needed to replicate the error. Also make sure that there are no open issues which already describe your problem!; yt_dlp: [0;31mERROR:[0m [youtube] 7j1t3UZA1TY: Sign in to confirm you’re not a bot. Use --cookies-from-browser or --cookies for the authentication. See  https://github.com/yt-dlp/yt-dlp/wiki/FAQ#how-do-i-pass-cookies-to-yt-dlp  for how to manually pass cookies. Also see  https://github.com/yt-dlp/yt-dlp/wiki/Extractors#exporting-youtube-cookies  for tips on effectively exporting YouTube cookies; openai_asr: missing_OPENAI_API_KEY",IBM|IBM Cloud,,https://www.youtube.com/watch?v=7j1t3UZA1TY
5,"AI, Machine Learning, Deep Learning and Generative AI Explained",video,2025-04-28,3068097,0,0,600,0.18394,0.0,1.0,0.0,0.0,0.0,unavailable,none,en,0,"youtube_transcript_api: Could not retrieve a transcript for the video https://www.youtube.com/watch?v=qYNweeDHiyU! This is most likely caused by:

YouTube is blocking requests from your IP. This usually is due to one of the following reasons:
- You have done too many requests and your IP has been blocked by YouTube
- You are doing requests from an IP belonging to a cloud provider (like AWS, Google Cloud Platform, Azure, etc.). Unfortunately, most IPs from cloud providers are blocked by YouTube.

Ways to work around this are explained in the ""Working around IP bans"" section of the README (https://github.com/jdepoix/youtube-transcript-api?tab=readme-ov-file#working-around-ip-bans-requestblocked-or-ipblocked-exception).


If you are sure that the described cause is not responsible for this error and that a transcript should be retrievable, please create an issue at https://github.com/jdepoix/youtube-transcript-api/issues. Please add which version of youtube_transcript_api you are using and provide the information needed to replicate the error. Also make sure that there are no open issues which already describe your problem!; yt_dlp: [0;31mERROR:[0m [youtube] qYNweeDHiyU: Sign in to confirm you’re not a bot. Use --cookies-from-browser or --cookies for the authentication. See  https://github.com/yt-dlp/yt-dlp/wiki/FAQ#how-do-i-pass-cookies-to-yt-dlp  for how to manually pass cookies. Also see  https://github.com/yt-dlp/yt-dlp/wiki/Extractors#exporting-youtube-cookies  for tips on effectively exporting YouTube cookies; openai_asr: missing_OPENAI_API_KEY",IBM|IBM Cloud|AI|MachineLearning|DeepLearning|GenerativeAI|GenAI|Gen AI|LargeLanguageModels|LLMs|Deepfakes|Deep Fakes|TechExplained|ArtificialIntelligence|Artificial Intelligence|ML|DL|AIExplained|TechTrends|DataScience|NeuralNetworks|Chatbots|FutureOfAI|TechSimplified,,https://www.youtube.com/watch?v=qYNweeDHiyU
6,Generative vs Agentic AI: Shaping the Future of AI Collaboration,video,2025-04-28,1124741,0,0,438,0.18394,0.0,1.0,0.0,0.0,0.0,unavailable,none,en,0,"youtube_transcript_api: Could not retrieve a transcript for the video https://www.youtube.com/watch?v=EDb37y_MhRw! This is most likely caused by:

YouTube is blocking requests from your IP. This usually is due to one of the following reasons:
- You have done too many requests and your IP has been blocked by YouTube
- You are doing requests from an IP belonging to a cloud provider (like AWS, Google Cloud Platform, Azure, etc.). Unfortunately, most IPs from cloud providers are blocked by YouTube.

Ways to work around this are explained in the ""Working around IP bans"" section of the README (https://github.com/jdepoix/youtube-transcript-api?tab=readme-ov-file#working-around-ip-bans-requestblocked-or-ipblocked-exception).


If you are sure that the described cause is not responsible for this error and that a transcript should be retrievable, please create an issue at https://github.com/jdepoix/youtube-transcript-api/issues. Please add which version of youtube_transcript_api you are using and provide the information needed to replicate the error. Also make sure that there are no open issues which already describe your problem!; yt_dlp: [0;31mERROR:[0m [youtube] EDb37y_MhRw: Sign in to confirm you’re not a bot. Use --cookies-from-browser or --cookies for the authentication. See  https://github.com/yt-dlp/yt-dlp/wiki/FAQ#how-do-i-pass-cookies-to-yt-dlp  for how to manually pass cookies. Also see  https://github.com/yt-dlp/yt-dlp/wiki/Extractors#exporting-youtube-cookies  for tips on effectively exporting YouTube cookies; openai_asr: missing_OPENAI_API_KEY",IBM|IBM Cloud,,https://www.youtube.com/watch?v=EDb37y_MhRw
7,How Hackers Steal Passwords: 5 Attack Methods Explained,video,2025-04-28,1603121,0,0,787,0.18394,0.0,1.0,0.0,0.0,0.0,unavailable,none,en,0,"youtube_transcript_api: Could not retrieve a transcript for the video https://www.youtube.com/watch?v=vKPGZHoHX8k! This is most likely caused by:

YouTube is blocking requests from your IP. This usually is due to one of the following reasons:
- You have done too many requests and your IP has been blocked by YouTube
- You are doing requests from an IP belonging to a cloud provider (like AWS, Google Cloud Platform, Azure, etc.). Unfortunately, most IPs from cloud providers are blocked by YouTube.

Ways to work around this are explained in the ""Working around IP bans"" section of the README (https://github.com/jdepoix/youtube-transcript-api?tab=readme-ov-file#working-around-ip-bans-requestblocked-or-ipblocked-exception).


If you are sure that the described cause is not responsible for this error and that a transcript should be retrievable, please create an issue at https://github.com/jdepoix/youtube-transcript-api/issues. Please add which version of youtube_transcript_api you are using and provide the information needed to replicate the error. Also make sure that there are no open issues which already describe your problem!; yt_dlp: [0;31mERROR:[0m [youtube] vKPGZHoHX8k: Sign in to confirm you’re not a bot. Use --cookies-from-browser or --cookies for the authentication. See  https://github.com/yt-dlp/yt-dlp/wiki/FAQ#how-do-i-pass-cookies-to-yt-dlp  for how to manually pass cookies. Also see  https://github.com/yt-dlp/yt-dlp/wiki/Extractors#exporting-youtube-cookies  for tips on effectively exporting YouTube cookies; openai_asr: missing_OPENAI_API_KEY",IBM|IBM Cloud,,https://www.youtube.com/watch?v=vKPGZHoHX8k
8,What are AI Agents?,video,2025-04-28,1691414,0,0,748,0.18394,0.0,1.0,0.0,0.0,0.0,unavailable,none,en,0,"youtube_transcript_api: Could not retrieve a transcript for the video https://www.youtube.com/watch?v=F8NKVhkZZWI! This is most likely caused by:

YouTube is blocking requests from your IP. This usually is due to one of the following reasons:
- You have done too many requests and your IP has been blocked by YouTube
- You are doing requests from an IP belonging to a cloud provider (like AWS, Google Cloud Platform, Azure, etc.). Unfortunately, most IPs from cloud providers are blocked by YouTube.

Ways to work around this are explained in the ""Working around IP bans"" section of the README (https://github.com/jdepoix/youtube-transcript-api?tab=readme-ov-file#working-around-ip-bans-requestblocked-or-ipblocked-exception).


If you are sure that the described cause is not responsible for this error and that a transcript should be retrievable, please create an issue at https://github.com/jdepoix/youtube-transcript-api/issues. Please add which version of youtube_transcript_api you are using and provide the information needed to replicate the error. Also make sure that there are no open issues which already describe your problem!; yt_dlp: [0;31mERROR:[0m [youtube] F8NKVhkZZWI: Sign in to confirm you’re not a bot. Use --cookies-from-browser or --cookies for the authentication. See  https://github.com/yt-dlp/yt-dlp/wiki/FAQ#how-do-i-pass-cookies-to-yt-dlp  for how to manually pass cookies. Also see  https://github.com/yt-dlp/yt-dlp/wiki/Extractors#exporting-youtube-cookies  for tips on effectively exporting YouTube cookies; openai_asr: missing_OPENAI_API_KEY",IBM|IBM Cloud|Artificial Intelligence|AI|Generative AI|Gen AI|AI agents|compound AI systems|generative AI shifts|large language models|LLM|system design|AI integration|retrieval augmented generation|RAG|RAG systems|AI autonomy|reasoning models|external tools in AI,,https://www.youtube.com/watch?v=F8NKVhkZZWI
9,What is the Dark Web? A Guide to the Dark Side of the Internet,video,2025-04-28,6474158,0,0,589,0.18394,0.0,1.0,0.0,0.0,0.0,unavailable,none,en,0,"youtube_transcript_api: Could not retrieve a transcript for the video https://www.youtube.com/watch?v=N3-zrhoBx6w! This is most likely caused by:

YouTube is blocking requests from your IP. This usually is due to one of the following reasons:
- You have done too many requests and your IP has been blocked by YouTube
- You are doing requests from an IP belonging to a cloud provider (like AWS, Google Cloud Platform, Azure, etc.). Unfortunately, most IPs from cloud providers are blocked by YouTube.

Ways to work around this are explained in the ""Working around IP bans"" section of the README (https://github.com/jdepoix/youtube-transcript-api?tab=readme-ov-file#working-around-ip-bans-requestblocked-or-ipblocked-exception).


If you are sure that the described cause is not responsible for this error and that a transcript should be retrievable, please create an issue at https://github.com/jdepoix/youtube-transcript-api/issues. Please add which version of youtube_transcript_api you are using and provide the information needed to replicate the error. Also make sure that there are no open issues which already describe your problem!; yt_dlp: [0;31mERROR:[0m [youtube] N3-zrhoBx6w: Sign in to confirm you’re not a bot. Use --cookies-from-browser or --cookies for the authentication. See  https://github.com/yt-dlp/yt-dlp/wiki/FAQ#how-do-i-pass-cookies-to-yt-dlp  for how to manually pass cookies. Also see  https://github.com/yt-dlp/yt-dlp/wiki/Extractors#exporting-youtube-cookies  for tips on effectively exporting YouTube cookies; openai_asr: missing_OPENAI_API_KEY",IBM|IBM Cloud,,https://www.youtube.com/watch?v=N3-zrhoBx6w
10,What is a Vector Database? Powering Semantic Search & AI Applications,video,2025-04-28,820948,0,0,588,0.134144,0.0,0.7293,0.0,0.0,0.0,unavailable,none,en,0,"youtube_transcript_api: Could not retrieve a transcript for the video https://www.youtube.com/watch?v=gl1r1XV0SLw! This is most likely caused by:

YouTube is blocking requests from your IP. This usually is due to one of the following reasons:
- You have done too many requests and your IP has been blocked by YouTube
- You are doing requests from an IP belonging to a cloud provider (like AWS, Google Cloud Platform, Azure, etc.). Unfortunately, most IPs from cloud providers are blocked by YouTube.

Ways to work around this are explained in the ""Working around IP bans"" section of the README (https://github.com/jdepoix/youtube-transcript-api?tab=readme-ov-file#working-around-ip-bans-requestblocked-or-ipblocked-exception).


If you are sure that the described cause is not responsible for this error and that a transcript should be retrievable, please create an issue at https://github.com/jdepoix/youtube-transcript-api/issues. Please add which version of youtube_transcript_api you are using and provide the information needed to replicate the error. Also make sure that there are no open issues which already describe your problem!; yt_dlp: [0;31mERROR:[0m [youtube] gl1r1XV0SLw: Sign in to confirm you’re not a bot. Use --cookies-from-browser or --cookies for the authentication. See  https://github.com/yt-dlp/yt-dlp/wiki/FAQ#how-do-i-pass-cookies-to-yt-dlp  for how to manually pass cookies. Also see  https://github.com/yt-dlp/yt-dlp/wiki/Extractors#exporting-youtube-cookies  for tips on effectively exporting YouTube cookies; openai_asr: missing_OPENAI_API_KEY",IBM|IBM Cloud,,https://www.youtube.com/watch?v=gl1r1XV0SLw
11,Cybersecurity Trends for 2025 and Beyond,video,2025-04-28,793108,0,0,1015,0.129096,0.0,0.7018,0.0,0.0,0.0,unavailable,none,en,0,"youtube_transcript_api: Could not retrieve a transcript for the video https://www.youtube.com/watch?v=kqaMIFEz15s! This is most likely caused by:

YouTube is blocking requests from your IP. This usually is due to one of the following reasons:
- You have done too many requests and your IP has been blocked by YouTube
- You are doing requests from an IP belonging to a cloud provider (like AWS, Google Cloud Platform, Azure, etc.). Unfortunately, most IPs from cloud providers are blocked by YouTube.

Ways to work around this are explained in the ""Working around IP bans"" section of the README (https://github.com/jdepoix/youtube-transcript-api?tab=readme-ov-file#working-around-ip-bans-requestblocked-or-ipblocked-exception).


If you are sure that the described cause is not responsible for this error and that a transcript should be retrievable, please create an issue at https://github.com/jdepoix/youtube-transcript-api/issues. Please add which version of youtube_transcript_api you are using and provide the information needed to replicate the error. Also make sure that there are no open issues which already describe your problem!; yt_dlp: [0;31mERROR:[0m [youtube] kqaMIFEz15s: Sign in to confirm you’re not a bot. Use --cookies-from-browser or --cookies for the authentication. See  https://github.com/yt-dlp/yt-dlp/wiki/FAQ#how-do-i-pass-cookies-to-yt-dlp  for how to manually pass cookies. Also see  https://github.com/yt-dlp/yt-dlp/wiki/Extractors#exporting-youtube-cookies  for tips on effectively exporting YouTube cookies; openai_asr: missing_OPENAI_API_KEY",IBM|IBM Cloud,,https://www.youtube.com/watch?v=kqaMIFEz15s
12,Do VPNs Really Protect Privacy? Data & Cybersecurity Insights,video,2026-01-28,394339,0,0,856,0.120627,0.0,0.3087,0.0,0.0,0.0,unavailable,none,en,0,"youtube_transcript_api: Could not retrieve a transcript for the video https://www.youtube.com/watch?v=zMahtD8TIwc! This is most likely caused by:

YouTube is blocking requests from your IP. This usually is due to one of the following reasons:
- You have done too many requests and your IP has been blocked by YouTube
- You are doing requests from an IP belonging to a cloud provider (like AWS, Google Cloud Platform, Azure, etc.). Unfortunately, most IPs from cloud providers are blocked by YouTube.

Ways to work around this are explained in the ""Working around IP bans"" section of the README (https://github.com/jdepoix/youtube-transcript-api?tab=readme-ov-file#working-around-ip-bans-requestblocked-or-ipblocked-exception).


If you are sure that the described cause is not responsible for this error and that a transcript should be retrievable, please create an issue at https://github.com/jdepoix/youtube-transcript-api/issues. Please add which version of youtube_transcript_api you are using and provide the information needed to replicate the error. Also make sure that there are no open issues which already describe your problem!; yt_dlp: [0;31mERROR:[0m [youtube] zMahtD8TIwc: Sign in to confirm you’re not a bot. Use --cookies-from-browser or --cookies for the authentication. See  https://github.com/yt-dlp/yt-dlp/wiki/FAQ#how-do-i-pass-cookies-to-yt-dlp  for how to manually pass cookies. Also see  https://github.com/yt-dlp/yt-dlp/wiki/Extractors#exporting-youtube-cookies  for tips on effectively exporting YouTube cookies; openai_asr: missing_OPENAI_API_KEY",IBM|IBM Cloud,,https://www.youtube.com/watch?v=zMahtD8TIwc
13,"The Limits of AI: Generative AI, NLP, AGI, & What’s Next?",video,2025-10-30,474131,0,0,1191,0.118286,0.0,0.3874,0.0,0.0,0.0,unavailable,none,en,0,"youtube_transcript_api: Could not retrieve a transcript for the video https://www.youtube.com/watch?v=rBlCOLfMYfw! This is most likely caused by:

YouTube is blocking requests from your IP. This usually is due to one of the following reasons:
- You have done too many requests and your IP has been blocked by YouTube
- You are doing requests from an IP belonging to a cloud provider (like AWS, Google Cloud Platform, Azure, etc.). Unfortunately, most IPs from cloud providers are blocked by YouTube.

Ways to work around this are explained in the ""Working around IP bans"" section of the README (https://github.com/jdepoix/youtube-transcript-api?tab=readme-ov-file#working-around-ip-bans-requestblocked-or-ipblocked-exception).


If you are sure that the described cause is not responsible for this error and that a transcript should be retrievable, please create an issue at https://github.com/jdepoix/youtube-transcript-api/issues. Please add which version of youtube_transcript_api you are using and provide the information needed to replicate the error. Also make sure that there are no open issues which already describe your problem!; yt_dlp: [0;31mERROR:[0m [youtube] rBlCOLfMYfw: Sign in to confirm you’re not a bot. Use --cookies-from-browser or --cookies for the authentication. See  https://github.com/yt-dlp/yt-dlp/wiki/FAQ#how-do-i-pass-cookies-to-yt-dlp  for how to manually pass cookies. Also see  https://github.com/yt-dlp/yt-dlp/wiki/Extractors#exporting-youtube-cookies  for tips on effectively exporting YouTube cookies; openai_asr: missing_OPENAI_API_KEY",IBM|IBM Cloud,,https://www.youtube.com/watch?v=rBlCOLfMYfw
14,"AI Trends 2026: Quantum, Agentic AI & Smarter Automation",video,2025-12-29,385851,0,0,699,0.108097,0.0,0.3003,0.0,0.0,0.0,unavailable,none,en,0,"youtube_transcript_api: Could not retrieve a transcript for the video https://www.youtube.com/watch?v=zt0JA5rxdfM! This is most likely caused by:

YouTube is blocking requests from your IP. This usually is due to one of the following reasons:
- You have done too many requests and your IP has been blocked by YouTube
- You are doing requests from an IP belonging to a cloud provider (like AWS, Google Cloud Platform, Azure, etc.). Unfortunately, most IPs from cloud providers are blocked by YouTube.

Ways to work around this are explained in the ""Working around IP bans"" section of the README (https://github.com/jdepoix/youtube-transcript-api?tab=readme-ov-file#working-around-ip-bans-requestblocked-or-ipblocked-exception).


If you are sure that the described cause is not responsible for this error and that a transcript should be retrievable, please create an issue at https://github.com/jdepoix/youtube-transcript-api/issues. Please add which version of youtube_transcript_api you are using and provide the information needed to replicate the error. Also make sure that there are no open issues which already describe your problem!; yt_dlp: [0;31mERROR:[0m [youtube] zt0JA5rxdfM: Sign in to confirm you’re not a bot. Use --cookies-from-browser or --cookies for the authentication. See  https://github.com/yt-dlp/yt-dlp/wiki/FAQ#how-do-i-pass-cookies-to-yt-dlp  for how to manually pass cookies. Also see  https://github.com/yt-dlp/yt-dlp/wiki/Extractors#exporting-youtube-cookies  for tips on effectively exporting YouTube cookies; openai_asr: missing_OPENAI_API_KEY",IBM|IBM Cloud,,https://www.youtube.com/watch?v=zt0JA5rxdfM
15,RAG vs Fine-Tuning vs Prompt Engineering: Optimizing AI Models,video,2025-04-28,629638,0,0,790,0.099453,0.0,0.5407,0.0,0.0,0.0,unavailable,none,en,0,"youtube_transcript_api: Could not retrieve a transcript for the video https://www.youtube.com/watch?v=zYGDpG-pTho! This is most likely caused by:

YouTube is blocking requests from your IP. This usually is due to one of the following reasons:
- You have done too many requests and your IP has been blocked by YouTube
- You are doing requests from an IP belonging to a cloud provider (like AWS, Google Cloud Platform, Azure, etc.). Unfortunately, most IPs from cloud providers are blocked by YouTube.

Ways to work around this are explained in the ""Working around IP bans"" section of the README (https://github.com/jdepoix/youtube-transcript-api?tab=readme-ov-file#working-around-ip-bans-requestblocked-or-ipblocked-exception).


If you are sure that the described cause is not responsible for this error and that a transcript should be retrievable, please create an issue at https://github.com/jdepoix/youtube-transcript-api/issues. Please add which version of youtube_transcript_api you are using and provide the information needed to replicate the error. Also make sure that there are no open issues which already describe your problem!; yt_dlp: [0;31mERROR:[0m [youtube] zYGDpG-pTho: Sign in to confirm you’re not a bot. Use --cookies-from-browser or --cookies for the authentication. See  https://github.com/yt-dlp/yt-dlp/wiki/FAQ#how-do-i-pass-cookies-to-yt-dlp  for how to manually pass cookies. Also see  https://github.com/yt-dlp/yt-dlp/wiki/Extractors#exporting-youtube-cookies  for tips on effectively exporting YouTube cookies; openai_asr: missing_OPENAI_API_KEY",IBM|IBM Cloud,,https://www.youtube.com/watch?v=zYGDpG-pTho&pp=0gcJCdQKAYcqIYzv
16,The 7 Skills You Need to Build AI Agents,video,2026-04-15,280038,0,0,877,0.094588,0.0,0.196,0.0,0.0,0.0,unavailable,none,en,0,"youtube_transcript_api: Could not retrieve a transcript for the video https://www.youtube.com/watch?v=mtiOK2QG9Q0! This is most likely caused by:

YouTube is blocking requests from your IP. This usually is due to one of the following reasons:
- You have done too many requests and your IP has been blocked by YouTube
- You are doing requests from an IP belonging to a cloud provider (like AWS, Google Cloud Platform, Azure, etc.). Unfortunately, most IPs from cloud providers are blocked by YouTube.

Ways to work around this are explained in the ""Working around IP bans"" section of the README (https://github.com/jdepoix/youtube-transcript-api?tab=readme-ov-file#working-around-ip-bans-requestblocked-or-ipblocked-exception).


If you are sure that the described cause is not responsible for this error and that a transcript should be retrievable, please create an issue at https://github.com/jdepoix/youtube-transcript-api/issues. Please add which version of youtube_transcript_api you are using and provide the information needed to replicate the error. Also make sure that there are no open issues which already describe your problem!; yt_dlp: [0;31mERROR:[0m [youtube] mtiOK2QG9Q0: Sign in to confirm you’re not a bot. Use --cookies-from-browser or --cookies for the authentication. See  https://github.com/yt-dlp/yt-dlp/wiki/FAQ#how-do-i-pass-cookies-to-yt-dlp  for how to manually pass cookies. Also see  https://github.com/yt-dlp/yt-dlp/wiki/Extractors#exporting-youtube-cookies  for tips on effectively exporting YouTube cookies; openai_asr: missing_OPENAI_API_KEY",,,https://www.youtube.com/watch?v=mtiOK2QG9Q0
17,RAG vs. CAG: Solving Knowledge Gaps in AI Models,video,2025-04-28,594123,0,0,959,0.093013,0.0,0.5057,0.0,0.0,0.0,unavailable,none,en,0,"youtube_transcript_api: Could not retrieve a transcript for the video https://www.youtube.com/watch?v=HdafI0t3sEY! This is most likely caused by:

YouTube is blocking requests from your IP. This usually is due to one of the following reasons:
- You have done too many requests and your IP has been blocked by YouTube
- You are doing requests from an IP belonging to a cloud provider (like AWS, Google Cloud Platform, Azure, etc.). Unfortunately, most IPs from cloud providers are blocked by YouTube.

Ways to work around this are explained in the ""Working around IP bans"" section of the README (https://github.com/jdepoix/youtube-transcript-api?tab=readme-ov-file#working-around-ip-bans-requestblocked-or-ipblocked-exception).


If you are sure that the described cause is not responsible for this error and that a transcript should be retrievable, please create an issue at https://github.com/jdepoix/youtube-transcript-api/issues. Please add which version of youtube_transcript_api you are using and provide the information needed to replicate the error. Also make sure that there are no open issues which already describe your problem!; yt_dlp: [0;31mERROR:[0m [youtube] HdafI0t3sEY: Sign in to confirm you’re not a bot. Use --cookies-from-browser or --cookies for the authentication. See  https://github.com/yt-dlp/yt-dlp/wiki/FAQ#how-do-i-pass-cookies-to-yt-dlp  for how to manually pass cookies. Also see  https://github.com/yt-dlp/yt-dlp/wiki/Extractors#exporting-youtube-cookies  for tips on effectively exporting YouTube cookies; openai_asr: missing_OPENAI_API_KEY",IBM|IBM Cloud,,https://www.youtube.com/watch?v=HdafI0t3sEY
18,What is MCP? Integrate AI Agents with Databases & APIs,video,2025-04-28,553388,0,0,226,0.085626,0.0,0.4655,0.0,0.0,0.0,unavailable,none,en,0,"youtube_transcript_api: Could not retrieve a transcript for the video https://www.youtube.com/watch?v=eur8dUO9mvE! This is most likely caused by:

YouTube is blocking requests from your IP. This usually is due to one of the following reasons:
- You have done too many requests and your IP has been blocked by YouTube
- You are doing requests from an IP belonging to a cloud provider (like AWS, Google Cloud Platform, Azure, etc.). Unfortunately, most IPs from cloud providers are blocked by YouTube.

Ways to work around this are explained in the ""Working around IP bans"" section of the README (https://github.com/jdepoix/youtube-transcript-api?tab=readme-ov-file#working-around-ip-bans-requestblocked-or-ipblocked-exception).


If you are sure that the described cause is not responsible for this error and that a transcript should be retrievable, please create an issue at https://github.com/jdepoix/youtube-transcript-api/issues. Please add which version of youtube_transcript_api you are using and provide the information needed to replicate the error. Also make sure that there are no open issues which already describe your problem!; yt_dlp: [0;31mERROR:[0m [youtube] eur8dUO9mvE: Sign in to confirm you’re not a bot. Use --cookies-from-browser or --cookies for the authentication. See  https://github.com/yt-dlp/yt-dlp/wiki/FAQ#how-do-i-pass-cookies-to-yt-dlp  for how to manually pass cookies. Also see  https://github.com/yt-dlp/yt-dlp/wiki/Extractors#exporting-youtube-cookies  for tips on effectively exporting YouTube cookies; openai_asr: missing_OPENAI_API_KEY",IBM|IBM Cloud,,https://www.youtube.com/watch?v=eur8dUO9mvE
19,Spec-Driven Development: AI Assisted Coding Explained,video,2026-03-29,261754,0,0,540,0.081982,0.0,0.178,0.0,0.0,0.0,unavailable,none,en,0,"youtube_transcript_api: Could not retrieve a transcript for the video https://www.youtube.com/watch?v=mViFYTwWvcM! This is most likely caused by:

YouTube is blocking requests from your IP. This usually is due to one of the following reasons:
- You have done too many requests and your IP has been blocked by YouTube
- You are doing requests from an IP belonging to a cloud provider (like AWS, Google Cloud Platform, Azure, etc.). Unfortunately, most IPs from cloud providers are blocked by YouTube.

Ways to work around this are explained in the ""Working around IP bans"" section of the README (https://github.com/jdepoix/youtube-transcript-api?tab=readme-ov-file#working-around-ip-bans-requestblocked-or-ipblocked-exception).


If you are sure that the described cause is not responsible for this error and that a transcript should be retrievable, please create an issue at https://github.com/jdepoix/youtube-transcript-api/issues. Please add which version of youtube_transcript_api you are using and provide the information needed to replicate the error. Also make sure that there are no open issues which already describe your problem!; yt_dlp: [0;31mERROR:[0m [youtube] mViFYTwWvcM: Sign in to confirm you’re not a bot. Use --cookies-from-browser or --cookies for the authentication. See  https://github.com/yt-dlp/yt-dlp/wiki/FAQ#how-do-i-pass-cookies-to-yt-dlp  for how to manually pass cookies. Also see  https://github.com/yt-dlp/yt-dlp/wiki/Extractors#exporting-youtube-cookies  for tips on effectively exporting YouTube cookies; openai_asr: missing_OPENAI_API_KEY",,,https://www.youtube.com/watch?v=mViFYTwWvcM
20,LangChain vs LangGraph: A Tale of Two Frameworks,video,2025-04-28,525542,0,0,594,0.080577,0.0,0.4381,0.0,0.0,0.0,unavailable,none,en,0,"youtube_transcript_api: Could not retrieve a transcript for the video https://www.youtube.com/watch?v=qAF1NjEVHhY! This is most likely caused by:

YouTube is blocking requests from your IP. This usually is due to one of the following reasons:
- You have done too many requests and your IP has been blocked by YouTube
- You are doing requests from an IP belonging to a cloud provider (like AWS, Google Cloud Platform, Azure, etc.). Unfortunately, most IPs from cloud providers are blocked by YouTube.

Ways to work around this are explained in the ""Working around IP bans"" section of the README (https://github.com/jdepoix/youtube-transcript-api?tab=readme-ov-file#working-around-ip-bans-requestblocked-or-ipblocked-exception).


If you are sure that the described cause is not responsible for this error and that a transcript should be retrievable, please create an issue at https://github.com/jdepoix/youtube-transcript-api/issues. Please add which version of youtube_transcript_api you are using and provide the information needed to replicate the error. Also make sure that there are no open issues which already describe your problem!; yt_dlp: [0;31mERROR:[0m [youtube] qAF1NjEVHhY: Sign in to confirm you’re not a bot. Use --cookies-from-browser or --cookies for the authentication. See  https://github.com/yt-dlp/yt-dlp/wiki/FAQ#how-do-i-pass-cookies-to-yt-dlp  for how to manually pass cookies. Also see  https://github.com/yt-dlp/yt-dlp/wiki/Extractors#exporting-youtube-cookies  for tips on effectively exporting YouTube cookies; openai_asr: missing_OPENAI_API_KEY",IBM|IBM Cloud|Langchain|Lang Chain|LangGraph|Lang Graph|LLM|Large Language Models|Multi-agent|Multi Agent|Multiagent|AI|Artificial Intellgence|AI Frameworks|AI Framework|LLM Framework|Chains|Edges|Graph|Nodes|Stateful|State Managment,,https://www.youtube.com/watch?v=qAF1NjEVHhY
21,How Large Language Models Work,video,2024-04-28,1453994,0,0,333,0.067668,0.0,1.0,0.0,0.0,0.0,unavailable,none,en,0,"youtube_transcript_api: Could not retrieve a transcript for the video https://www.youtube.com/watch?v=5sLYAQS9sWQ! This is most likely caused by:

YouTube is blocking requests from your IP. This usually is due to one of the following reasons:
- You have done too many requests and your IP has been blocked by YouTube
- You are doing requests from an IP belonging to a cloud provider (like AWS, Google Cloud Platform, Azure, etc.). Unfortunately, most IPs from cloud providers are blocked by YouTube.

Ways to work around this are explained in the ""Working around IP bans"" section of the README (https://github.com/jdepoix/youtube-transcript-api?tab=readme-ov-file#working-around-ip-bans-requestblocked-or-ipblocked-exception).


If you are sure that the described cause is not responsible for this error and that a transcript should be retrievable, please create an issue at https://github.com/jdepoix/youtube-transcript-api/issues. Please add which version of youtube_transcript_api you are using and provide the information needed to replicate the error. Also make sure that there are no open issues which already describe your problem!; yt_dlp: [0;31mERROR:[0m [youtube] 5sLYAQS9sWQ: Sign in to confirm you’re not a bot. Use --cookies-from-browser or --cookies for the authentication. See  https://github.com/yt-dlp/yt-dlp/wiki/FAQ#how-do-i-pass-cookies-to-yt-dlp  for how to manually pass cookies. Also see  https://github.com/yt-dlp/yt-dlp/wiki/Extractors#exporting-youtube-cookies  for tips on effectively exporting YouTube cookies; openai_asr: missing_OPENAI_API_KEY",IBM|IBM Cloud|Foundationmodels|Generativeai|LLM|foundation modeles|GAI|genai|Gen AI|Generative AI|Large Language Models|LLMs|AI|Artificial Intellegence|Text Generator|GPT|ChatGPT,,https://www.youtube.com/watch?v=5sLYAQS9sWQ
22,What is Retrieval-Augmented Generation (RAG)?,video,2024-04-28,1797669,0,0,395,0.067668,0.0,1.0,0.0,0.0,0.0,unavailable,none,en,0,"youtube_transcript_api: Could not retrieve a transcript for the video https://www.youtube.com/watch?v=T-D1OfcDW1M! This is most likely caused by:

YouTube is blocking requests from your IP. This usually is due to one of the following reasons:
- You have done too many requests and your IP has been blocked by YouTube
- You are doing requests from an IP belonging to a cloud provider (like AWS, Google Cloud Platform, Azure, etc.). Unfortunately, most IPs from cloud providers are blocked by YouTube.

Ways to work around this are explained in the ""Working around IP bans"" section of the README (https://github.com/jdepoix/youtube-transcript-api?tab=readme-ov-file#working-around-ip-bans-requestblocked-or-ipblocked-exception).


If you are sure that the described cause is not responsible for this error and that a transcript should be retrievable, please create an issue at https://github.com/jdepoix/youtube-transcript-api/issues. Please add which version of youtube_transcript_api you are using and provide the information needed to replicate the error. Also make sure that there are no open issues which already describe your problem!; yt_dlp: [0;31mERROR:[0m [youtube] T-D1OfcDW1M: Sign in to confirm you’re not a bot. Use --cookies-from-browser or --cookies for the authentication. See  https://github.com/yt-dlp/yt-dlp/wiki/FAQ#how-do-i-pass-cookies-to-yt-dlp  for how to manually pass cookies. Also see  https://github.com/yt-dlp/yt-dlp/wiki/Extractors#exporting-youtube-cookies  for tips on effectively exporting YouTube cookies; openai_asr: missing_OPENAI_API_KEY",IBM|IBM Cloud|AI|Artificial Intelligence|LLM|LLMs|Large Language Models|RAG|Retrieval Augmented Generation|Retrieval-Augmented Generation|Retriever-Augmented Generation|Foundation Models|GPT,,https://www.youtube.com/watch?v=T-D1OfcDW1M
23,"What Is an AI Stack? LLMs, RAG, & AI Hardware",video,2025-11-29,283000,0,0,546,0.065955,0.0,0.199,0.0,0.0,0.0,unavailable,none,en,0,"youtube_transcript_api: Could not retrieve a transcript for the video https://www.youtube.com/watch?v=RRKwmeyIc24! This is most likely caused by:

YouTube is blocking requests from your IP. This usually is due to one of the following reasons:
- You have done too many requests and your IP has been blocked by YouTube
- You are doing requests from an IP belonging to a cloud provider (like AWS, Google Cloud Platform, Azure, etc.). Unfortunately, most IPs from cloud providers are blocked by YouTube.

Ways to work around this are explained in the ""Working around IP bans"" section of the README (https://github.com/jdepoix/youtube-transcript-api?tab=readme-ov-file#working-around-ip-bans-requestblocked-or-ipblocked-exception).


If you are sure that the described cause is not responsible for this error and that a transcript should be retrievable, please create an issue at https://github.com/jdepoix/youtube-transcript-api/issues. Please add which version of youtube_transcript_api you are using and provide the information needed to replicate the error. Also make sure that there are no open issues which already describe your problem!; yt_dlp: [0;31mERROR:[0m [youtube] RRKwmeyIc24: Sign in to confirm you’re not a bot. Use --cookies-from-browser or --cookies for the authentication. See  https://github.com/yt-dlp/yt-dlp/wiki/FAQ#how-do-i-pass-cookies-to-yt-dlp  for how to manually pass cookies. Also see  https://github.com/yt-dlp/yt-dlp/wiki/Extractors#exporting-youtube-cookies  for tips on effectively exporting YouTube cookies; openai_asr: missing_OPENAI_API_KEY",,,https://www.youtube.com/watch?v=RRKwmeyIc24
24,"Cybersecurity Trends in 2026: Shadow AI, Quantum & Deepfakes",video,2026-01-28,246437,0,0,1229,0.063655,0.0,0.1629,0.0,0.0,0.0,unavailable,none,en,0,"youtube_transcript_api: Could not retrieve a transcript for the video https://www.youtube.com/watch?v=2jU-mLMV8Vw! This is most likely caused by:

YouTube is blocking requests from your IP. This usually is due to one of the following reasons:
- You have done too many requests and your IP has been blocked by YouTube
- You are doing requests from an IP belonging to a cloud provider (like AWS, Google Cloud Platform, Azure, etc.). Unfortunately, most IPs from cloud providers are blocked by YouTube.

Ways to work around this are explained in the ""Working around IP bans"" section of the README (https://github.com/jdepoix/youtube-transcript-api?tab=readme-ov-file#working-around-ip-bans-requestblocked-or-ipblocked-exception).


If you are sure that the described cause is not responsible for this error and that a transcript should be retrievable, please create an issue at https://github.com/jdepoix/youtube-transcript-api/issues. Please add which version of youtube_transcript_api you are using and provide the information needed to replicate the error. Also make sure that there are no open issues which already describe your problem!; yt_dlp: [0;31mERROR:[0m [youtube] 2jU-mLMV8Vw: Sign in to confirm you’re not a bot. Use --cookies-from-browser or --cookies for the authentication. See  https://github.com/yt-dlp/yt-dlp/wiki/FAQ#how-do-i-pass-cookies-to-yt-dlp  for how to manually pass cookies. Also see  https://github.com/yt-dlp/yt-dlp/wiki/Extractors#exporting-youtube-cookies  for tips on effectively exporting YouTube cookies; openai_asr: missing_OPENAI_API_KEY",,,https://www.youtube.com/watch?v=2jU-mLMV8Vw
25,RAG vs. Fine Tuning,video,2025-04-28,423103,0,0,537,0.062001,0.0,0.3371,0.0,0.0,0.0,unavailable,none,en,0,"youtube_transcript_api: Could not retrieve a transcript for the video https://www.youtube.com/watch?v=00Q0G84kq3M! This is most likely caused by:

YouTube is blocking requests from your IP. This usually is due to one of the following reasons:
- You have done too many requests and your IP has been blocked by YouTube
- You are doing requests from an IP belonging to a cloud provider (like AWS, Google Cloud Platform, Azure, etc.). Unfortunately, most IPs from cloud providers are blocked by YouTube.

Ways to work around this are explained in the ""Working around IP bans"" section of the README (https://github.com/jdepoix/youtube-transcript-api?tab=readme-ov-file#working-around-ip-bans-requestblocked-or-ipblocked-exception).


If you are sure that the described cause is not responsible for this error and that a transcript should be retrievable, please create an issue at https://github.com/jdepoix/youtube-transcript-api/issues. Please add which version of youtube_transcript_api you are using and provide the information needed to replicate the error. Also make sure that there are no open issues which already describe your problem!; yt_dlp: [0;31mERROR:[0m [youtube] 00Q0G84kq3M: Sign in to confirm you’re not a bot. Use --cookies-from-browser or --cookies for the authentication. See  https://github.com/yt-dlp/yt-dlp/wiki/FAQ#how-do-i-pass-cookies-to-yt-dlp  for how to manually pass cookies. Also see  https://github.com/yt-dlp/yt-dlp/wiki/Extractors#exporting-youtube-cookies  for tips on effectively exporting YouTube cookies; openai_asr: missing_OPENAI_API_KEY",IBM|IBM Cloud|Retrieval Augmented Generation|RAG|fine-tuning|large language models|LLM|generative AI|AI applications|genAI|gen AI|artificial intelligence|Reinforcement Learning|ReinforcementLearning,,https://www.youtube.com/watch?v=00Q0G84kq3M
26,AI Trends for 2025,video,2025-04-28,418851,0,0,452,0.06123,0.0,0.3329,0.0,0.0,0.0,unavailable,none,en,0,"youtube_transcript_api: Could not retrieve a transcript for the video https://www.youtube.com/watch?v=5zuF4Ys1eAw! This is most likely caused by:

YouTube is blocking requests from your IP. This usually is due to one of the following reasons:
- You have done too many requests and your IP has been blocked by YouTube
- You are doing requests from an IP belonging to a cloud provider (like AWS, Google Cloud Platform, Azure, etc.). Unfortunately, most IPs from cloud providers are blocked by YouTube.

Ways to work around this are explained in the ""Working around IP bans"" section of the README (https://github.com/jdepoix/youtube-transcript-api?tab=readme-ov-file#working-around-ip-bans-requestblocked-or-ipblocked-exception).


If you are sure that the described cause is not responsible for this error and that a transcript should be retrievable, please create an issue at https://github.com/jdepoix/youtube-transcript-api/issues. Please add which version of youtube_transcript_api you are using and provide the information needed to replicate the error. Also make sure that there are no open issues which already describe your problem!; yt_dlp: [0;31mERROR:[0m [youtube] 5zuF4Ys1eAw: Sign in to confirm you’re not a bot. Use --cookies-from-browser or --cookies for the authentication. See  https://github.com/yt-dlp/yt-dlp/wiki/FAQ#how-do-i-pass-cookies-to-yt-dlp  for how to manually pass cookies. Also see  https://github.com/yt-dlp/yt-dlp/wiki/Extractors#exporting-youtube-cookies  for tips on effectively exporting YouTube cookies; openai_asr: missing_OPENAI_API_KEY",IBM|IBM Cloud,,https://www.youtube.com/watch?v=5zuF4Ys1eAw
27,Cybersecurity Architecture: Five Principles to Follow (and One to Avoid),video,2024-04-28,975227,0,0,1054,0.059641,0.0,0.8814,0.0,0.0,0.0,skipped,skipped,,0,not_requested,security|cybersecurity|cyber security|it security|edr|endpoint detection and response|xdr|kiss|keep it simple stupid|least privilege|defense in depth,,https://www.youtube.com/watch?v=jq_LZ1RFPfU
28,5 Types of AI Agents: Autonomous Functions & Real-World Applications,video,2025-06-02,379904,0,0,621,0.059619,0.0,0.2945,0.0,0.0,0.0,skipped,skipped,,0,not_requested,IBM|IBM Cloud,,https://www.youtube.com/watch?v=fXizBc03D7E
29,"AI Periodic Table Explained: Mapping LLMs, RAG & AI Agent Frameworks",video,2026-01-28,221249,0,0,1011,0.053952,0.0,0.1381,0.0,0.0,0.0,skipped,skipped,,0,not_requested,,,https://www.youtube.com/watch?v=ESBMgZHzfG0
30,AI and the Productivity Paradox,video,2025-04-28,360647,0,0,2347,0.050676,0.0,0.2755,0.0,0.0,0.0,skipped,skipped,,0,not_requested,,,https://www.youtube.com/watch?v=iaisOHeJLC4&pp=0gcJCdQKAYcqIYzv
31,Five Steps to Create a New AI Model,video,2024-04-28,823651,0,0,416,0.049529,0.0,0.7319,0.0,0.0,0.0,skipped,skipped,,0,not_requested,IBM|IBM Cloud,,https://www.youtube.com/watch?v=jcgaNrC4ElU&pp=0gcJCdQKAYcqIYzv
32,Data Analytics vs Data Science,video,2024-04-28,746409,0,0,390,0.044376,0.0,0.6558,0.0,0.0,0.0,skipped,skipped,,0,not_requested,IBM|IBM Cloud,,https://www.youtube.com/watch?v=dcXqhMqhZUo
33,What is Agentic RAG?,video,2025-04-28,321818,0,0,342,0.043635,0.0,0.2372,0.0,0.0,0.0,skipped,skipped,,0,not_requested,,,https://www.youtube.com/watch?v=0z9_MhcYvcY
34,AI & Education: Generative AI & the Future of Critical Thinking,video,2026-01-28,193438,0,0,962,0.04324,0.0,0.1107,0.0,0.0,0.0,skipped,skipped,,0,not_requested,,,https://www.youtube.com/watch?v=k7PvscqGD24
35,What is LangChain?,video,2024-04-28,692697,0,0,487,0.040793,0.0,0.6028,0.0,0.0,0.0,skipped,skipped,,0,not_requested,IBM|IBM Cloud,,https://www.youtube.com/watch?v=1bUy-1hGZpI
36,OWASP's Top 10 Ways to Attack LLMs: AI Vulnerabilities Exposed,video,2026-03-29,166984,0,0,1512,0.038954,0.0,0.0846,0.0,0.0,0.0,skipped,skipped,,0,not_requested,,,https://www.youtube.com/watch?v=gUNXZMcd2jU
37,Data Scientist vs. AI Engineer,video,2025-04-28,288502,0,0,639,0.037593,0.0,0.2044,0.0,0.0,0.0,skipped,skipped,,0,not_requested,,,https://www.youtube.com/watch?v=Vxw0nE1qfZc
38,What Is Quishing? How Hackers Use QR Codes to Steal Your Data,video,2025-07-02,254412,0,0,523,0.037535,0.0,0.1708,0.0,0.0,0.0,skipped,skipped,,0,not_requested,,,https://www.youtube.com/watch?v=RVF6NVnJvd8&pp=0gcJCdQKAYcqIYzv
39,Securing AI Agents with Zero Trust,video,2026-02-27,167310,0,0,813,0.036017,0.0,0.0849,0.0,0.0,0.0,skipped,skipped,,0,not_requested,,,https://www.youtube.com/watch?v=d8d9EZHU7fw
40,What Is a Prompt Injection Attack?,video,2025-04-28,276482,0,0,657,0.035414,0.0,0.1925,0.0,0.0,0.0,skipped,skipped,,0,not_requested,,,https://www.youtube.com/watch?v=jrHRe9lSqqA
41,A Brief History of AI: From Machine Learning to Gen AI to Agentic AI,video,2025-12-29,171014,0,0,774,0.031872,0.0,0.0886,0.0,0.0,0.0,skipped,skipped,,0,not_requested,,,https://www.youtube.com/watch?v=ZHCB09O6zUk&pp=0gcJCdQKAYcqIYzv
42,Best Language for AI: What You Need to Know,video,2026-03-29,149747,0,0,580,0.031128,0.0,0.0676,0.0,0.0,0.0,skipped,skipped,,0,not_requested,,,https://www.youtube.com/watch?v=g9UIamT4Pgc
43,AI ATTACKS! How Hackers Weaponize Artificial Intelligence,video,2025-11-29,176283,0,0,1116,0.031079,0.0,0.0937,0.0,0.0,0.0,skipped,skipped,,0,not_requested,,,https://www.youtube.com/watch?v=0tHb6U2604g
44,What is Ollama? Running Local LLMs Made Simple,video,2025-04-28,252331,0,0,434,0.031034,0.0,0.1687,0.0,0.0,0.0,skipped,skipped,,0,not_requested,,,https://www.youtube.com/watch?v=5RIOQuHOihY
45,Context Engineering vs. Prompt Engineering: Smarter AI with RAG & Agents,video,2025-08-31,197446,0,0,472,0.029692,0.0,0.1146,0.0,0.0,0.0,skipped,skipped,,0,not_requested,,,https://www.youtube.com/watch?v=vD0E3EUb8-8
46,RAG Explained,video,2025-04-28,240100,0,0,483,0.028817,0.0,0.1567,0.0,0.0,0.0,skipped,skipped,,0,not_requested,,,https://www.youtube.com/watch?v=qppV3n3YlF8
47,What is DeepSeek? AI Model Basics Explained,video,2025-04-28,237864,0,0,622,0.028411,0.0,0.1545,0.0,0.0,0.0,skipped,skipped,,0,not_requested,,,https://www.youtube.com/watch?v=KTonvXhsxpc
48,Cybersecurity Architecture: Networks,video,2024-04-28,503120,0,0,1651,0.028147,0.0,0.416,0.0,0.0,0.0,skipped,skipped,,0,not_requested,IBM|IBM Cloud|networksecurity|cyberseries|JeffCrume,,https://www.youtube.com/watch?v=sesacY7Xz3c
49,Cybersecurity Architecture: Who Are You? Identity and Access Management,video,2024-04-28,484232,0,0,1874,0.026887,0.0,0.3973,0.0,0.0,0.0,skipped,skipped,,0,not_requested,IBM|IBM Cloud|Identity Management|Access Management|Jeff Crume|cybersecurity|cyber security,,https://www.youtube.com/watch?v=5uNifnVlBy4
50,What are Word Embeddings?,video,2025-04-28,226924,0,0,518,0.026427,0.0,0.1437,0.0,0.0,0.0,skipped,skipped,,0,not_requested,,,https://www.youtube.com/watch?v=wgfSDrqYMJ4
51,Build a Large Language Model AI Chatbot using Retrieval Augmented Generation,video,2024-04-28,475744,0,0,173,0.026321,0.0,0.389,0.0,0.0,0.0,skipped,skipped,,0,not_requested,IBM|IBM Cloud|watsonx|watson x|retrieval augmented generation|RAG|chatbot|LLM|Large Language Models|Llama|chatbots|chat bot,,https://www.youtube.com/watch?v=XctooiH0moI
52,FIDO Promises a Life Without Passwords,video,2024-04-28,457989,0,0,597,0.025136,0.0,0.3715,0.0,0.0,0.0,skipped,skipped,,0,not_requested,IBM|IBM Cloud|FIDO|Passkey|Pass Key|Passwords|Password|Fast Identity Online|Cyber Security|Cybersecurity|MFA|Multifactor authentication|Multi-factor Authentication,,https://www.youtube.com/watch?v=lRFeuSH9t44
53,AI vs Machine Learning,video,2023-04-29,1517455,0,0,349,0.024894,0.0,1.0,0.0,0.0,0.0,skipped,skipped,,0,not_requested,IBM|IBM Cloud|ai|artificialintelligence|artificial intelligence|ML|machinelearning|machine learning|deep learning|deeplearning,,https://www.youtube.com/watch?v=4RixMPF4xis
54,What are Generative AI models?,video,2023-04-29,1173073,0,0,527,0.024894,0.0,1.0,0.0,0.0,0.0,skipped,skipped,,0,not_requested,IBM Cloud|generative models|foundation models|ai|artificial inteligence|prompt tuning|chatgpt|bard|google bard|open ai,,https://www.youtube.com/watch?v=hfIUstzHs9A
55,What AI Agent Skills Are and How They Work,video,2026-04-21,132191,0,0,745,0.024664,0.0,0.0503,0.0,0.0,0.0,skipped,skipped,,0,not_requested,,,https://www.youtube.com/watch?v=Lg-meK5IU8Q&pp=0gcJCdQKAYcqIYzv
56,The 7 Types of AI - And Why We Talk (Mostly) About 3 of Them,video,2024-04-28,441541,0,0,410,0.024039,0.0,0.3553,0.0,0.0,0.0,skipped,skipped,,0,not_requested,IBM|IBM Cloud|ai|artificial intelligence,,https://www.youtube.com/watch?v=XFZ-rQ8eeR8
57,What Is Llama.cpp? The LLM Inference Engine for Local AI,video,2026-03-29,131036,0,0,554,0.022633,0.0,0.0491,0.0,0.0,0.0,skipped,skipped,,0,not_requested,,,https://www.youtube.com/watch?v=P8m5eHAyrFM
58,Should You Use Open Source Large Language Models?,video,2024-04-28,408470,0,0,400,0.021833,0.0,0.3226,0.0,0.0,0.0,skipped,skipped,,0,not_requested,IBM|IBM Cloud,,https://www.youtube.com/watch?v=y9k-U9AuDeM
59,How to Build a Multi Agent AI System,video,2025-04-28,199712,0,0,1146,0.021493,0.0,0.1168,0.0,0.0,0.0,skipped,skipped,,0,not_requested,,,https://www.youtube.com/watch?v=gUrENDkPw_k
60,How Linear Algebra Powers Machine Learning (ML),video,2026-03-29,125526,0,0,679,0.020131,0.0,0.0437,0.0,0.0,0.0,skipped,skipped,,0,not_requested,,,https://www.youtube.com/watch?v=-KKxtHwxKhE
61,How Smart Organizations Will Use AI: Jevons Paradox & Workforce Impact,video,2026-04-07,123721,0,0,477,0.019794,0.0,0.0419,0.0,0.0,0.0,skipped,skipped,,0,not_requested,,,https://www.youtube.com/watch?v=XVNH8MPRgVY
62,"10 Use Cases for AI Agents: IoT, RAG, & Disaster Response Explained",video,2025-08-01,164664,0,0,552,0.019638,0.0,0.0823,0.0,0.0,0.0,skipped,skipped,,0,not_requested,,,https://www.youtube.com/watch?v=Ts42JTye-AI
63,What Are Large Reasoning Models (LRMs)? Smarter AI Beyond LLMs,video,2025-11-29,140025,0,0,518,0.019229,0.0,0.058,0.0,0.0,0.0,skipped,skipped,,0,not_requested,,,https://www.youtube.com/watch?v=enLbj0igyx4
64,RAG vs Agentic AI: How LLMs Connect Data for Smarter AI,video,2025-12-29,134036,0,0,601,0.018752,0.0,0.0521,0.0,0.0,0.0,skipped,skipped,,0,not_requested,,,https://www.youtube.com/watch?v=fB2JQXEH_94
65,The art of delegating to AI: Using AI agents and chatbots to do the boring work,video,2025-04-28,180149,0,0,1184,0.017945,0.0,0.0976,0.0,0.0,0.0,skipped,skipped,,0,not_requested,,,https://www.youtube.com/watch?v=DGO60Zrdle8
66,Build AI Skills and Stay Relevant in the AI Economy,video,2026-01-28,126042,0,0,557,0.017279,0.0,0.0442,0.0,0.0,0.0,skipped,skipped,,0,not_requested,,,https://www.youtube.com/watch?v=x1hyuvUUR0w
67,Llama: The Open-Weight AI Model that's Changing How We Think About AI,video,2025-04-28,172605,0,0,526,0.016577,0.0,0.0901,0.0,0.0,0.0,skipped,skipped,,0,not_requested,,,https://www.youtube.com/watch?v=8c2LnKNoSmg
68,GraphRAG vs. Traditional RAG: Higher Accuracy & Insight with LLM,video,2025-04-28,169727,0,0,257,0.016055,0.0,0.0873,0.0,0.0,0.0,skipped,skipped,,0,not_requested,,,https://www.youtube.com/watch?v=Aw7iQjKAX2k
69,"Cybersecurity Architecture: Fundamentals of Confidentiality, Integrity, and Availability",video,2024-04-28,320090,0,0,754,0.015937,0.0,0.2355,0.0,0.0,0.0,skipped,skipped,,0,not_requested,,,https://www.youtube.com/watch?v=EqNe55IzjAw&pp=0gcJCdQKAYcqIYzv
70,What Is Docling? Transforming Unstructured Data for RAG and AI,video,2025-08-31,141885,0,0,498,0.015502,0.0,0.0598,0.0,0.0,0.0,skipped,skipped,,0,not_requested,,,https://www.youtube.com/watch?v=zSA7ylHP6AY
71,What is Prompt Tuning?,video,2024-04-28,301764,0,0,513,0.014715,0.0,0.2175,0.0,0.0,0.0,skipped,skipped,,0,not_requested,,,https://www.youtube.com/watch?v=yu27PWzJI_Y
72,Is AI Saving or Taking Jobs? Cybersecurity & Automation Impact,video,2025-04-28,159981,0,0,1187,0.014288,0.0,0.0777,0.0,0.0,0.0,skipped,skipped,,0,not_requested,,,https://www.youtube.com/watch?v=3sSDQ_wLSzM&pp=0gcJCdQKAYcqIYzv
73,LLMs and AI Agents: Transforming Unstructured Data,video,2025-06-02,151010,0,0,1221,0.013936,0.0,0.0688,0.0,0.0,0.0,skipped,skipped,,0,not_requested,,,https://www.youtube.com/watch?v=_pEEJu-2KKM
74,Role-based access control (RBAC) vs. Attribute-based access control (ABAC),video,2025-04-28,153751,0,0,459,0.013158,0.0,0.0715,0.0,0.0,0.0,skipped,skipped,,0,not_requested,,,https://www.youtube.com/watch?v=rvZ35YW4t5k
75,DIY AI Infrastructure: Build Your Own Privacy-Preserving AI at Home,video,2025-04-28,152695,0,0,594,0.012967,0.0,0.0705,0.0,0.0,0.0,skipped,skipped,,0,not_requested,,,https://www.youtube.com/watch?v=BvCOZrqGyNU
76,The most important AI trends in 2024,video,2024-04-28,272570,0,0,575,0.012767,0.0,0.1887,0.0,0.0,0.0,skipped,skipped,,0,not_requested,,,https://www.youtube.com/watch?v=sGZ6AlAnULc
77,4 Methods of Prompt Engineering,video,2024-04-28,270584,0,0,762,0.012635,0.0,0.1867,0.0,0.0,0.0,skipped,skipped,,0,not_requested,,,https://www.youtube.com/watch?v=1c9iyoVIwDs
78,PostgreSQL vs MySQL,video,2023-04-29,541688,0,0,392,0.011301,0.0,0.454,0.0,0.0,0.0,skipped,skipped,,0,not_requested,IBM Cloud|Postgre|PostgreSQL|Postgre SQL|MySQL|My SQL|Database|Databases|JSON|Structured Query Language|RDBMS|Relational Database Management Systems|OLTP|MVCC|Multiversion concurrency control|Online Transaction processing|Martin Keen|Row-based table structure,,https://www.youtube.com/watch?v=btjBNKP49Rk
79,Careers in Cybersecurity,video,2023-04-29,539740,0,0,402,0.011253,0.0,0.4521,0.0,0.0,0.0,skipped,skipped,,0,not_requested,IBM|IBM Cloud|cyber security|it security|cyber security jobs|cyber security careers,,https://www.youtube.com/watch?v=4CuXNs6SboU
80,The Rise of Generative AI for Business,video,2024-04-28,247232,0,0,885,0.011077,0.0,0.1637,0.0,0.0,0.0,skipped,skipped,,0,not_requested,,,https://www.youtube.com/watch?v=s4r5gXdSVPM
81,Cybersecurity Architecture: Roles and Tools,video,2024-04-28,242328,0,0,847,0.01075,0.0,0.1589,0.0,0.0,0.0,skipped,skipped,,0,not_requested,,,https://www.youtube.com/watch?v=E9pHJRRfAhw
82,Build a Chatbot with AI in 5 minutes,video,2024-04-28,240098,0,0,335,0.010601,0.0,0.1567,0.0,0.0,0.0,skipped,skipped,,0,not_requested,,,https://www.youtube.com/watch?v=3iGWMImiGjU
83,What is Monte Carlo Simulation?,video,2023-04-29,505578,0,0,274,0.010415,0.0,0.4184,0.0,0.0,0.0,skipped,skipped,,0,not_requested,IBM|IBM Cloud,,https://www.youtube.com/watch?v=7TqhmX92P6U
84,Cybersecurity Architecture: Application Security,video,2024-04-28,236048,0,0,996,0.010331,0.0,0.1527,0.0,0.0,0.0,skipped,skipped,,0,not_requested,,,https://www.youtube.com/watch?v=nthEXs12nFE
85,"The Evolution of Malware: Past, Present, and the AI-Driven Future",video,2025-08-01,123577,0,0,1285,0.009972,0.0,0.0418,0.0,0.0,0.0,skipped,skipped,,0,not_requested,,,https://www.youtube.com/watch?v=h85G7dBqBKU
86,Fine Tuning Large Language Models with InstructLab,video,2025-04-28,135319,0,0,481,0.009816,0.0,0.0534,0.0,0.0,0.0,skipped,skipped,,0,not_requested,,,https://www.youtube.com/watch?v=pu3-PeBG0YU
87,2024 Cybersecurity Trends,video,2024-04-28,224096,0,0,477,0.009533,0.0,0.1409,0.0,0.0,0.0,skipped,skipped,,0,not_requested,,,https://www.youtube.com/watch?v=6TE0LovKQa4
88,What is a Digital Twin?,video,2025-04-28,131723,0,0,392,0.009164,0.0,0.0498,0.0,0.0,0.0,skipped,skipped,,0,not_requested,,,https://www.youtube.com/watch?v=2hnoGo27uf8
89,A2A vs MCP: AI Agent Communication Explained,video,2026-03-29,101132,0,0,706,0.009056,0.0,0.0197,0.0,0.0,0.0,skipped,skipped,,0,not_requested,,,https://www.youtube.com/watch?v=BMDFPOyezH4
90,AI Inference: The Secret to AI's Superpowers,video,2025-04-28,128419,0,0,641,0.008565,0.0,0.0466,0.0,0.0,0.0,skipped,skipped,,0,not_requested,,,https://www.youtube.com/watch?v=XtT5i0ZeHHE
91,What is Time Series Analysis?,video,2023-04-29,429330,0,0,448,0.008544,0.0,0.3432,0.0,0.0,0.0,skipped,skipped,,0,not_requested,IBM|IBM Cloud|time series analysis|time series analytics|Pandas|Python|arima|arema|matlab|mathlab,,https://www.youtube.com/watch?v=GE3JOFwTWVM
92,Cybersecurity Architecture: Endpoints Are the IT Front Door - Guard Them,video,2024-04-28,207432,0,0,862,0.008422,0.0,0.1245,0.0,0.0,0.0,skipped,skipped,,0,not_requested,,,https://www.youtube.com/watch?v=Njqid_JpqTs
93,R vs Python,video,2023-04-29,412847,0,0,426,0.008139,0.0,0.327,0.0,0.0,0.0,skipped,skipped,,0,not_requested,IBM|IBM Cloud,,https://www.youtube.com/watch?v=4lcwTGA7MZw
94,What is the K-Nearest Neighbor (KNN) Algorithm?,video,2025-04-28,123995,0,0,481,0.007763,0.0,0.0422,0.0,0.0,0.0,skipped,skipped,,0,not_requested,,,https://www.youtube.com/watch?v=b6uHw7QW_n4&pp=0gcJCdQKAYcqIYzv
95,"DeepSeek facts vs hype, model distillation, and open source competition",video,2025-04-28,122177,0,0,2357,0.007433,0.0,0.0404,0.0,0.0,0.0,skipped,skipped,,0,not_requested,,,https://www.youtube.com/watch?v=jC0MGFDawWg
96,Apache vs NGINX,video,2023-04-29,373023,0,0,472,0.007162,0.0,0.2877,0.0,0.0,0.0,skipped,skipped,,0,not_requested,IBM|IBM Cloud,,https://www.youtube.com/watch?v=9nyiY-psbMs
97,Supervised vs. Unsupervised Learning,video,2023-04-29,355560,0,0,428,0.006733,0.0,0.2705,0.0,0.0,0.0,skipped,skipped,,0,not_requested,,,https://www.youtube.com/watch?v=W01tIRP_Rqs
98,What is Back Propagation,video,2024-04-28,181815,0,0,480,0.006713,0.0,0.0992,0.0,0.0,0.0,skipped,skipped,,0,not_requested,,,https://www.youtube.com/watch?v=S5AGN9XfPK4
99,AI in Cybersecurity,video,2024-04-28,180717,0,0,379,0.00664,0.0,0.0981,0.0,0.0,0.0,skipped,skipped,,0,not_requested,,,https://www.youtube.com/watch?v=4QzBdeUQ0Dc
100,The Evolution of AI: Traditional AI vs. Generative AI,video,2025-04-28,117206,0,0,381,0.006532,0.0,0.0355,0.0,0.0,0.0,skipped,skipped,,0,not_requested,,,https://www.youtube.com/watch?v=SNZSm02_fpU
101,Why Large Language Models Hallucinate,video,2023-04-29,338478,0,0,578,0.006314,0.0,0.2536,0.0,0.0,0.0,skipped,skipped,,0,not_requested,,,https://www.youtube.com/watch?v=cfqtFvWOfg0
102,Data Governance Explained in 5 Minutes,video,2023-04-29,335550,0,0,322,0.006242,0.0,0.2508,0.0,0.0,0.0,skipped,skipped,,0,not_requested,,,https://www.youtube.com/watch?v=uPsUjKLHLAg&pp=0gcJCdQKAYcqIYzv
103,What Are Vision Language Models? How AI Sees & Understands Images,video,2025-06-02,111736,0,0,588,0.006097,0.0,0.0301,0.0,0.0,0.0,skipped,skipped,,0,not_requested,,,https://www.youtube.com/watch?v=lOD_EE96jhM
104,Cybersecurity Architecture:  Data Security,video,2024-04-28,170787,0,0,888,0.005977,0.0,0.0883,0.0,0.0,0.0,skipped,skipped,,0,not_requested,,,https://www.youtube.com/watch?v=UpkqXK0B2E0
105,What is a Vector Database?,video,2024-04-28,168582,0,0,492,0.00583,0.0,0.0862,0.0,0.0,0.0,skipped,skipped,,0,not_requested,,,https://www.youtube.com/watch?v=t9IDoenf-lo
106,What is a Context Window? Unlocking LLM Secrets,video,2025-04-28,110857,0,0,691,0.00538,0.0,0.0293,0.0,0.0,0.0,skipped,skipped,,0,not_requested,,,https://www.youtube.com/watch?v=-QVoIxEpFkM
107,Virtual Machine (VM) vs Docker,video,2023-04-29,299321,0,0,532,0.005353,0.0,0.215,0.0,0.0,0.0,skipped,skipped,,0,not_requested,,,https://www.youtube.com/watch?v=a1M_thDTqmU
108,Cybersecurity Architecture: Detection,video,2024-04-28,156355,0,0,1030,0.005014,0.0,0.0741,0.0,0.0,0.0,skipped,skipped,,0,not_requested,,,https://www.youtube.com/watch?v=VEu326IZpsc
109,GraphQL vs REST: Which is Better for APIs?,video,2023-04-29,282465,0,0,451,0.00494,0.0,0.1984,0.0,0.0,0.0,skipped,skipped,,0,not_requested,,,https://www.youtube.com/watch?v=PTfZcN20fro
110,NumPy vs Pandas,video,2023-04-29,279227,0,0,355,0.00486,0.0,0.1952,0.0,0.0,0.0,skipped,skipped,,0,not_requested,,,https://www.youtube.com/watch?v=KHoEbRH46Zk
111,What is MLOps?,video,2024-04-28,148378,0,0,415,0.004482,0.0,0.0662,0.0,0.0,0.0,skipped,skipped,,0,not_requested,,,https://www.youtube.com/watch?v=OejCJL2EC3k
112,Security Operations Center (SOC) Explained,video,2024-04-28,146310,0,0,347,0.004344,0.0,0.0642,0.0,0.0,0.0,skipped,skipped,,0,not_requested,,,https://www.youtube.com/watch?v=OHkWXFheSKM
113,Cybersecurity Trends for 2023,video,2023-04-29,251047,0,0,586,0.004169,0.0,0.1675,0.0,0.0,0.0,skipped,skipped,,0,not_requested,,,https://www.youtube.com/watch?v=uAHFNuDlcRw
114,Data Pipelines Explained,video,2023-04-29,247956,0,0,509,0.004093,0.0,0.1644,0.0,0.0,0.0,skipped,skipped,,0,not_requested,,,https://www.youtube.com/watch?v=6kEGUCrBEU0
115,How to Choose Large Language Models: A Developer’s Guide to LLMs,video,2025-06-02,101596,0,0,417,0.004073,0.0,0.0201,0.0,0.0,0.0,skipped,skipped,,0,not_requested,,,https://www.youtube.com/watch?v=pYax2rupKEY
116,MySQL vs MongoDB,video,2023-04-29,242103,0,0,330,0.003949,0.0,0.1586,0.0,0.0,0.0,skipped,skipped,,0,not_requested,,,https://www.youtube.com/watch?v=OdgZ0jr4jpM
117,Tech Talk: What is Public Key Infrastructure (PKI)?,video,2023-04-29,224902,0,0,562,0.003527,0.0,0.1417,0.0,0.0,0.0,skipped,skipped,,0,not_requested,,,https://www.youtube.com/watch?v=0ctat6RBrFo
118,Identity & Access Management (IAM),video,2023-04-29,223250,0,0,217,0.003486,0.0,0.1401,0.0,0.0,0.0,skipped,skipped,,0,not_requested,,,https://www.youtube.com/watch?v=aNj36g7fSsU
119,Risks of Large Language Models (LLM),video,2023-04-29,220021,0,0,506,0.003407,0.0,0.1369,0.0,0.0,0.0,skipped,skipped,,0,not_requested,,,https://www.youtube.com/watch?v=r4kButlDLUc
120,Machine Learning vs.  Deep Learning  vs.  Foundation Models,video,2024-04-28,131681,0,0,447,0.003368,0.0,0.0498,0.0,0.0,0.0,skipped,skipped,,0,not_requested,,,https://www.youtube.com/watch?v=Beh13Cd_QbY
121,Cybersecurity Architecture: Response,video,2024-04-28,131367,0,0,1017,0.003348,0.0,0.0495,0.0,0.0,0.0,skipped,skipped,,0,not_requested,,,https://www.youtube.com/watch?v=Jk79QJCxPkM
122,What Is Apache Spark?,video,2023-04-29,213037,0,0,159,0.003236,0.0,0.13,0.0,0.0,0.0,skipped,skipped,,0,not_requested,,,https://www.youtube.com/watch?v=VZ7EHLdrVo0
123,How to Build an MCP Server for LLM Agents: Simplify AI Integration,video,2025-04-28,97768,0,0,906,0.003007,0.0,0.0163,0.0,0.0,0.0,skipped,skipped,,0,not_requested,,,https://www.youtube.com/watch?v=EyYJI8TPIj8
124,Cross-Site Scripting: A 25-Year Threat That Is Still Going Strong,video,2025-04-28,94997,0,0,573,0.002504,0.0,0.0136,0.0,0.0,0.0,skipped,skipped,,0,not_requested,,,https://www.youtube.com/watch?v=z4LhLJnmoZ0
125,Passwords vs. Passkeys - FIDO Bites Back!,video,2024-04-28,118574,0,0,665,0.002494,0.0,0.0369,0.0,0.0,0.0,skipped,skipped,,0,not_requested,,,https://www.youtube.com/watch?v=9nrE4t4-IXA
126,What Is SIEM?,video,2023-04-29,172959,0,0,269,0.002252,0.0,0.0905,0.0,0.0,0.0,skipped,skipped,,0,not_requested,,,https://www.youtube.com/watch?v=9RfsRn7m7OE
127,Relational vs. Non-Relational Databases,video,2023-04-29,171845,0,0,492,0.002225,0.0,0.0894,0.0,0.0,0.0,skipped,skipped,,0,not_requested,,,https://www.youtube.com/watch?v=E9AgJnsEvG4&pp=0gcJCdQKAYcqIYzv
128,What is Granite?,video,2025-04-28,93148,0,0,405,0.002169,0.0,0.0118,0.0,0.0,0.0,skipped,skipped,,0,not_requested,,,https://www.youtube.com/watch?v=cVDv9apGTXo
129,OLAP vs  OLTP,video,2023-04-29,168511,0,0,326,0.002143,0.0,0.0861,0.0,0.0,0.0,skipped,skipped,,0,not_requested,,,https://www.youtube.com/watch?v=iw-5kFzIdgY
130,Podman vs. Docker,video,2024-04-28,111540,0,0,393,0.002025,0.0,0.0299,0.0,0.0,0.0,skipped,skipped,,0,not_requested,,,https://www.youtube.com/watch?v=Xx588nbshlM
131,What is Podman? How is it Different Than Docker?,video,2024-04-28,110459,0,0,446,0.001953,0.0,0.0289,0.0,0.0,0.0,skipped,skipped,,0,not_requested,,,https://www.youtube.com/watch?v=5WML8gX2F1c
132,What is a Database?,video,2023-04-29,160688,0,0,456,0.001951,0.0,0.0784,0.0,0.0,0.0,skipped,skipped,,0,not_requested,,,https://www.youtube.com/watch?v=hRulZhTtUTg
133,Gradient Descent Explained,video,2023-04-29,159329,0,0,425,0.001918,0.0,0.077,0.0,0.0,0.0,skipped,skipped,,0,not_requested,,,https://www.youtube.com/watch?v=i62czvwDlsw
134,Building a Cybersecurity Framework,video,2024-04-28,109609,0,0,507,0.001896,0.0,0.028,0.0,0.0,0.0,skipped,skipped,,0,not_requested,,,https://www.youtube.com/watch?v=Ula3TG8QS7g
135,What is Middleware?,video,2023-04-29,157951,0,0,611,0.001884,0.0,0.0757,0.0,0.0,0.0,skipped,skipped,,0,not_requested,,,https://www.youtube.com/watch?v=1oWPUpMheGk
136,Python vs Julia,video,2023-04-29,157879,0,0,430,0.001882,0.0,0.0756,0.0,0.0,0.0,skipped,skipped,,0,not_requested,,,https://www.youtube.com/watch?v=NF5InxVP3ZQ
137,What is AI Technical Debt? Key Risks for Machine Learning Projects,video,2026-04-14,85047,0,0,813,0.001832,0.0,0.0038,0.0,0.0,0.0,skipped,skipped,,0,not_requested,,,https://www.youtube.com/watch?v=DgXV8QSlI4U
138,Data Security: Protect your critical data (or else),video,2023-04-29,149939,0,0,442,0.001687,0.0,0.0678,0.0,0.0,0.0,skipped,skipped,,0,not_requested,,,https://www.youtube.com/watch?v=N8xEgSe5RwE
139,Data Lakehouses Explained,video,2023-04-29,148236,0,0,531,0.001645,0.0,0.0661,0.0,0.0,0.0,skipped,skipped,,0,not_requested,,,https://www.youtube.com/watch?v=Enu-EH7RHHM
140,What is Business Process Modeling?,video,2023-04-29,148016,0,0,397,0.00164,0.0,0.0659,0.0,0.0,0.0,skipped,skipped,,0,not_requested,,,https://www.youtube.com/watch?v=sUdhXn1w75Y
141,Risks of Agentic AI: What You Need to Know About Autonomous AI,video,2025-06-02,88955,0,0,418,0.001551,0.0,0.0077,0.0,0.0,0.0,skipped,skipped,,0,not_requested,,,https://www.youtube.com/watch?v=v07Y4fmSi6Y
142,What is Sentiment Analysis?,video,2025-04-28,89395,0,0,605,0.001489,0.0,0.0081,0.0,0.0,0.0,skipped,skipped,,0,not_requested,,,https://www.youtube.com/watch?v=5HQCNAsSO-s&pp=0gcJCdQKAYcqIYzv
143,Optical Character Recognition (OCR),video,2023-04-29,139887,0,0,376,0.001441,0.0,0.0579,0.0,0.0,0.0,skipped,skipped,,0,not_requested,,,https://www.youtube.com/watch?v=or8AcS6y1xg
144,Why foundation models are a paradigm shift for AI,video,2024-04-28,101909,0,0,510,0.001382,0.0,0.0204,0.0,0.0,0.0,skipped,skipped,,0,not_requested,,,https://www.youtube.com/watch?v=1JzMSbcInxc&pp=0gcJCdQKAYcqIYzv
145,How to Secure AI Business Models,video,2024-04-28,101832,0,0,793,0.001377,0.0,0.0204,0.0,0.0,0.0,skipped,skipped,,0,not_requested,,,https://www.youtube.com/watch?v=pR7FfNWjEe8
146,Principal Component Analysis (PCA) Explained: Simplify Complex Data for Machine Learning,video,2025-04-28,88762,0,0,529,0.001374,0.0,0.0075,0.0,0.0,0.0,skipped,skipped,,0,not_requested,,,https://www.youtube.com/watch?v=ZgyY3JuGQY8
147,What is TensorFlow?,video,2024-04-28,101520,0,0,260,0.001356,0.0,0.02,0.0,0.0,0.0,skipped,skipped,,0,not_requested,,,https://www.youtube.com/watch?v=GnGhI1vKi20
148,What Makes Large Language Models Expensive?,video,2024-04-28,100818,0,0,1160,0.00131,0.0,0.0194,0.0,0.0,0.0,skipped,skipped,,0,not_requested,,,https://www.youtube.com/watch?v=7gMg98Hf3uM
149,What is Master Data Management,video,2023-04-29,130800,0,0,241,0.001218,0.0,0.0489,0.0,0.0,0.0,skipped,skipped,,0,not_requested,,,https://www.youtube.com/watch?v=l83bkKJh1wM
150,What are MLPs (Multilayer Perceptrons)?,video,2023-04-29,128684,0,0,328,0.001166,0.0,0.0468,0.0,0.0,0.0,skipped,skipped,,0,not_requested,,,https://www.youtube.com/watch?v=7YaqzpitBXw
151,Kubernetes vs. OpenShift,video,2023-04-29,125587,0,0,560,0.00109,0.0,0.0438,0.0,0.0,0.0,skipped,skipped,,0,not_requested,,,https://www.youtube.com/watch?v=ZsOR8RkAOwI
152,Social Engineering - How Bad Guys Hack Users,video,2024-04-28,97355,0,0,898,0.001079,0.0,0.0159,0.0,0.0,0.0,skipped,skipped,,0,not_requested,,,https://www.youtube.com/watch?v=uMkOphesrqI
153,Open Source Explained,video,2023-04-29,121446,0,0,371,0.000988,0.0,0.0397,0.0,0.0,0.0,skipped,skipped,,0,not_requested,,,https://www.youtube.com/watch?v=PVD1LNDxOnc
154,Cybersecurity Threat Hunting Explained,video,2023-04-29,115544,0,0,411,0.000843,0.0,0.0339,0.0,0.0,0.0,skipped,skipped,,0,not_requested,,,https://www.youtube.com/watch?v=VNp35Uw_bSM
155,Exploratory Data Analysis,video,2023-04-29,114496,0,0,302,0.000817,0.0,0.0328,0.0,0.0,0.0,skipped,skipped,,0,not_requested,,,https://www.youtube.com/watch?v=QiqZliDXCCg
156,What is Malware? Let's Hear the Hacker's Viewpoint,video,2024-04-28,93284,0,0,331,0.000807,0.0,0.0119,0.0,0.0,0.0,skipped,skipped,,0,not_requested,,,https://www.youtube.com/watch?v=mqzP7gJDM2s
157,Reinforcement Learning from Human Feedback (RLHF) Explained,video,2025-04-28,85286,0,0,689,0.000743,0.0,0.004,0.0,0.0,0.0,skipped,skipped,,0,not_requested,,,https://www.youtube.com/watch?v=T_X4XFwKX8k
158,Lightboard Videos: How We Make Them,video,2024-04-28,90389,0,0,101,0.000614,0.0,0.0091,0.0,0.0,0.0,skipped,skipped,,0,not_requested,,,https://www.youtube.com/watch?v=Uoz_osFtw68
159,What is the CIA Triad,video,2023-04-29,104887,0,0,247,0.000582,0.0,0.0234,0.0,0.0,0.0,skipped,skipped,,0,not_requested,,,https://www.youtube.com/watch?v=kPPFNrlN3zo
160,Ten Everyday Machine Learning Use Cases,video,2024-04-28,89793,0,0,427,0.000574,0.0,0.0085,0.0,0.0,0.0,skipped,skipped,,0,not_requested,,,https://www.youtube.com/watch?v=CiSaY2xl9V4
161,AI vs Human Thinking: How Large Language Models Really Work,video,2025-07-02,83670,0,0,731,0.000538,0.0,0.0024,0.0,0.0,0.0,skipped,skipped,,0,not_requested,,,https://www.youtube.com/watch?v=-ovM0daP6bw
162,Denial of Service Attacks Explained,video,2023-04-29,100607,0,0,592,0.000477,0.0,0.0191,0.0,0.0,0.0,skipped,skipped,,0,not_requested,,,https://www.youtube.com/watch?v=bDAY-oUP0DQ
163,Why Linear regression for Machine Learning?,video,2024-04-28,87608,0,0,239,0.000428,0.0,0.0063,0.0,0.0,0.0,skipped,skipped,,0,not_requested,,,https://www.youtube.com/watch?v=qxo8p8PtFeA
164,Quantum Machine Learning Explained,video,2023-04-29,98304,0,0,358,0.00042,0.0,0.0169,0.0,0.0,0.0,skipped,skipped,,0,not_requested,,,https://www.youtube.com/watch?v=NqHKr9CGWJ0
165,Diffusion Models for AI Image Generation,video,2025-04-28,83359,0,0,725,0.000394,0.0,0.0021,0.0,0.0,0.0,skipped,skipped,,0,not_requested,,,https://www.youtube.com/watch?v=x2GRE-RzmD8
166,How to Pick the Right AI Foundation Model,video,2024-04-28,87051,0,0,475,0.000391,0.0,0.0058,0.0,0.0,0.0,skipped,skipped,,0,not_requested,,,https://www.youtube.com/watch?v=pePAAGfh-IU
167,The Power of Recurrent Neural Networks (RNN),video,2025-04-28,82890,0,0,467,0.000309,0.0,0.0017,0.0,0.0,0.0,skipped,skipped,,0,not_requested,,,https://www.youtube.com/watch?v=Gafjk7_w1i8
168,"What is SOAR (Security, Orchestration, Automation & Response)",video,2023-04-29,90427,0,0,436,0.000227,0.0,0.0091,0.0,0.0,0.0,skipped,skipped,,0,not_requested,,,https://www.youtube.com/watch?v=k7ju95jDxFA
169,What is Endpoint Detection and Response (EDR)?,video,2023-04-29,89890,0,0,334,0.000214,0.0,0.0086,0.0,0.0,0.0,skipped,skipped,,0,not_requested,,,https://www.youtube.com/watch?v=55GaIolVVqI&pp=0gcJCdQKAYcqIYzv
170,Why Are There So Many Foundation Models?,video,2024-04-28,84079,0,0,314,0.000193,0.0,0.0029,0.0,0.0,0.0,skipped,skipped,,0,not_requested,,,https://www.youtube.com/watch?v=QPQy7jUpmyA
171,Why a Data Lakehouse Architecture,video,2023-04-29,85935,0,0,482,0.000117,0.0,0.0047,0.0,0.0,0.0,skipped,skipped,,0,not_requested,,,https://www.youtube.com/watch?v=N8TFwV4Q_w0
172,What is Prompt Caching? Optimize LLM Latency with AI Transformers,video,2026-02-27,81382,0,0,546,8.2e-05,0.0,0.0002,0.0,0.0,0.0,skipped,skipped,,0,not_requested,,,https://www.youtube.com/watch?v=u57EnkQaUTY&pp=0gcJCdQKAYcqIYzv
173,Spring Boot versus Quarkus,video,2024-04-28,81822,0,0,331,4.2e-05,0.0,0.0006,0.0,0.0,0.0,skipped,skipped,,0,not_requested,,,https://www.youtube.com/watch?v=mJJpZ70q9M0
174,Securing Your IoT Devices,video,2024-04-28,81311,0,0,835,8e-06,0.0,0.0001,0.0,0.0,0.0,skipped,skipped,,0,not_requested,,,https://www.youtube.com/watch?v=7zWVxrjjIpE&pp=0gcJCdQKAYcqIYzv
175,What is Apache Iceberg?,video,2024-04-28,81186,0,0,774,0.0,0.0,0.0,0.0,0.0,0.0,skipped,skipped,,0,not_requested,,,https://www.youtube.com/watch?v=6tjSVXpHrE8
